matchId,scrapeDate
NA1_4664296946,2024-02-13
NA1_4664262413,2024-02-13
NA1_4664237606,2024-02-13
NA1_4662244805,2024-02-13
NA1_4662214098,2024-02-13
NA1_4662194095,2024-02-13
NA1_4662169440,2024-02-13
NA1_4662152931,2024-02-13
NA1_4658801184,2024-02-13
NA1_4658780684,2024-02-13
NA1_4658763638,2024-02-13
NA1_4658755820,2024-02-13
NA1_4658734133,2024-02-13
NA1_4658713880,2024-02-13
NA1_4656239154,2024-02-13
NA1_4656212698,2024-02-13
NA1_4656178721,2024-02-13
NA1_4656154592,2024-02-13
NA1_4656132871,2024-02-13
NA1_4656093690,2024-02-13
NA1_4651945187,2024-02-13
NA1_4651926348,2024-02-13
NA1_4651904521,2024-02-13
NA1_4651893035,2024-02-13
NA1_4651859291,2024-02-13
NA1_4651839142,2024-02-13
NA1_4651819736,2024-02-13
NA1_4651790892,2024-02-13
NA1_4640708514,2024-02-13
NA1_4640699024,2024-02-13
NA1_4640680948,2024-02-13
NA1_4640648641,2024-02-13
NA1_4640642190,2024-02-13
NA1_4639926342,2024-02-13
NA1_4639914869,2024-02-13
NA1_4639894786,2024-02-13
NA1_4639869046,2024-02-13
NA1_4639842998,2024-02-13
NA1_4639815298,2024-02-13
NA1_4639790532,2024-02-13
NA1_4994581508,2024-05-10
NA1_4994568907,2024-05-10
NA1_4994553118,2024-05-10
NA1_4994540972,2024-05-10
NA1_4994518427,2024-05-10
NA1_4994503553,2024-05-10
NA1_4994487938,2024-05-10
NA1_4991824568,2024-05-10
NA1_4991798306,2024-05-10
NA1_4991783739,2024-05-10
NA1_4991764542,2024-05-10
NA1_4990251991,2024-05-10
NA1_4990237864,2024-05-10
NA1_4990211059,2024-05-10
NA1_4990195754,2024-05-10
NA1_4990168650,2024-05-10
NA1_4988787679,2024-05-10
NA1_4988766360,2024-05-10
NA1_4988750894,2024-05-10
NA1_4988720558,2024-05-10
NA1_4988694391,2024-05-10
NA1_4988681423,2024-05-10
NA1_4987143909,2024-05-10
NA1_4987077283,2024-05-10
NA1_4987060759,2024-05-10
NA1_4987032275,2024-05-10
NA1_4983512228,2024-05-10
NA1_4983491777,2024-05-10
NA1_4983469773,2024-05-10
NA1_4983444981,2024-05-10
NA1_4983415993,2024-05-10
NA1_4983394185,2024-05-10
NA1_4983368430,2024-05-10
NA1_4981070398,2024-05-10
NA1_4981056459,2024-05-10
NA1_4981039439,2024-05-10
NA1_4637127415,2024-05-10
NA1_4637112921,2024-05-10
NA1_4637081202,2024-05-10
NA1_4637057693,2024-05-10
NA1_4637036152,2024-05-10
NA1_4637005411,2024-05-10
NA1_4630996788,2024-05-10
NA1_4630963706,2024-05-10
NA1_4630929689,2024-05-10
NA1_4630832256,2024-05-10
NA1_4630801394,2024-05-10
NA1_4630791134,2024-05-10
NA1_4630776051,2024-05-10
NA1_4628547878,2024-05-10
NA1_4628516730,2024-05-10
NA1_4628502196,2024-05-10
NA1_4628478746,2024-05-10
NA1_4628455771,2024-05-10
NA1_4627501356,2024-05-10
NA1_4627481839,2024-05-10
NA1_4626918069,2024-05-10
NA1_4626886549,2024-05-10
NA1_4626878754,2024-05-10
NA1_4626847448,2024-05-10
NA1_5035750286,2024-07-08
NA1_5035738777,2024-07-08
NA1_5035720241,2024-07-08
NA1_5035706781,2024-07-08
NA1_5035679729,2024-07-08
NA1_5035672747,2024-07-08
NA1_5035648637,2024-07-08
NA1_5023585499,2024-07-08
NA1_5023571146,2024-07-08
NA1_5022269483,2024-07-08
NA1_5022244561,2024-07-08
NA1_5022231141,2024-07-08
NA1_5022213958,2024-07-08
NA1_5022197276,2024-07-08
NA1_5022183944,2024-07-08
NA1_5022162514,2024-07-08
NA1_5017334377,2024-07-08
NA1_5017318287,2024-07-08
NA1_5013891275,2024-07-08
NA1_5013891924,2024-07-08
NA1_5079324359,2024-08-12
NA1_5079306973,2024-08-12
NA1_5079282563,2024-08-12
NA1_5079256581,2024-08-12
NA1_5079237135,2024-08-12
NA1_5079202363,2024-08-12
NA1_5077462742,2024-08-12
NA1_5077192886,2024-08-12
NA1_5077172042,2024-08-12
NA1_5077143987,2024-08-12
NA1_5077101485,2024-08-12
NA1_5077105105,2024-08-12
NA1_5077064714,2024-08-12
NA1_5077029702,2024-08-12
NA1_5077000929,2024-08-12
NA1_5076583327,2024-08-12
NA1_5076504328,2024-08-12
NA1_5076008984,2024-08-12
NA1_5075934488,2024-08-12
NA1_5075784955,2024-08-12
NA1_5075577037,2024-08-12
NA1_5075543179,2024-08-12
NA1_5074993668,2024-08-12
NA1_5074993344,2024-08-12
NA1_5074255031,2024-08-12
NA1_5074242555,2024-08-12
NA1_5073782919,2024-08-12
NA1_5072494501,2024-08-12
NA1_5072493582,2024-08-12
NA1_5072479329,2024-08-12
NA1_5072480946,2024-08-12
NA1_5072454517,2024-08-12
NA1_5072457894,2024-08-12
NA1_5072451586,2024-08-12
NA1_5072065466,2024-08-12
NA1_5072032431,2024-08-12
NA1_5071984302,2024-08-12
NA1_5069271599,2024-08-12
NA1_5069262208,2024-08-12
NA1_5069044365,2024-08-12
NA1_5069034912,2024-08-12
NA1_5069022413,2024-08-12
NA1_5068948270,2024-08-12
NA1_5068942172,2024-08-12
NA1_5068926599,2024-08-12
NA1_5068886248,2024-08-12
NA1_5068880020,2024-08-12
NA1_5068859370,2024-08-12
NA1_5068853430,2024-08-12
NA1_5068849117,2024-08-12
NA1_5068445670,2024-08-12
NA1_5068414332,2024-08-12
NA1_5068377137,2024-08-12
NA1_5068375032,2024-08-12
NA1_5068342027,2024-08-12
NA1_5067035789,2024-08-12
NA1_5067020602,2024-08-12
NA1_5066987155,2024-08-12
NA1_5066950984,2024-08-12
NA1_5056372627,2024-08-12
NA1_5056313731,2024-08-12
NA1_5056256953,2024-08-12
NA1_5056174340,2024-08-12
NA1_5056105727,2024-08-12
NA1_5045853007,2024-08-12
NA1_5045772190,2024-08-12
NA1_5045691137,2024-08-12
NA1_5045576237,2024-08-12
NA1_5045480988,2024-08-12
NA1_5045386697,2024-08-12
NA1_5042726496,2024-08-12
NA1_5042553479,2024-08-12
NA1_5042525429,2024-08-12
NA1_5042437972,2024-08-12
NA1_5042371121,2024-08-12
NA1_5042299480,2024-08-12
NA1_5037506592,2024-08-12
NA1_5037495573,2024-08-12
NA1_5037484267,2024-08-12
NA1_5037467376,2024-08-12
NA1_5037458020,2024-08-12
NA1_5037438109,2024-08-12
NA1_5037419499,2024-08-12
NA1_5037405865,2024-08-12
